Malay,malaykp@gmail.com,8826171494
Rohit,rohit@yahoo.com,9585959595
Tester,test@google.com,4858595859
AAA,aaa@google.com,3.45E+11
BBB,bbb@google.com,5454545454
CCCC,cccc@google.com,6565656565
DDDD,dddd@google.com,3534553453
EEEE,eeee@google.com,5653245223
GGGG,gggg@google.com,12312312333
FFFF,ffff@google.com,13124463636
EEEE,eeee@google.com,35345345345
HHHH,HHHHgoogle.com,57566227054
JJJJJ,JJJJJgoogle.com,79787108763
KKK,KKKgoogle.com,1.02008E+11
LLL,LLLgoogle.com,1.24229E+11
MMM,MMMgoogle.com,1.4645E+11
NNN,NNNgoogle.com,1.68671E+11
OOO,OOOgoogle.com,1.90892E+11
PPP,PPPgoogle.com,2.13112E+11
QQQQ,QQQQgoogle.com,2.35333E+11
RRR,RRRgoogle.com,2.57554E+11
SSSS,SSSSgoogle.com,2.79775E+11
